Umtauschdatum;Schlusskurs
02.01.09;4973.07
05.01.09;4983.99
06.01.09;5026.31
07.01.09;4937.47
08.01.09;4879.91
09.01.09;4783.89
12.01.09;4719.62
13.01.09;4636.94
14.01.09;4422.35
15.01.09;4336.73
16.01.09;4366.28
19.01.09;4316.14
20.01.09;4239.85
21.01.09;4261.15
22.01.09;4219.42
23.01.09;4178.94
26.01.09;4326.87
27.01.09;4323.42
28.01.09;4518.72
29.01.09;4428.11
30.01.09;4338.35
02.02.09;4271.04
03.02.09;4374.96
04.02.09;4492.79
05.02.09;4510.49
06.02.09;4644.63
09.02.09;4666.82
10.02.09;4505.54
11.02.09;4530.09
12.02.09;4407.56
13.02.09;4413.39
16.02.09;4366.64
17.02.09;4216.6
18.02.09;4204.96
19.02.09;4215.21
20.02.09;4014.66
23.02.09;3936.45
24.02.09;3895.75
25.02.09;3846.21
26.02.09;3942.62
27.02.09;3843.74
02.03.09;3710.07
03.03.09;3690.72
04.03.09;3890.94
05.03.09;3695.49
06.03.09;3666.41
09.03.09;3692.03
10.03.09;3886.98
11.03.09;3914.1
12.03.09;3956.22
13.03.09;3953.6
16.03.09;4044.54
17.03.09;3987.77
18.03.09;3996.32
19.03.09;4043.46
20.03.09;4068.74
23.03.09;4176.37
24.03.09;4187.36
25.03.09;4223.29
26.03.09;4259.37
27.03.09;4203.55
30.03.09;3989.23
31.03.09;4084.76
01.04.09;4131.07
02.04.09;4381.92
03.04.09;4384.99
06.04.09;4349.81
07.04.09;4322.5
08.04.09;4357.92
09.04.09;4491.12
14.04.09;4557.01
15.04.09;4549.79
16.04.09;4609.46
17.04.09;4676.84
20.04.09;4486.3
21.04.09;4501.63
22.04.09;4594.42
23.04.09;4538.21
24.04.09;4674.32
27.04.09;4694.07
28.04.09;4607.42
29.04.09;4704.56
30.04.09;4769.45
04.05.09;4902.45
05.05.09;4853.03
06.05.09;4880.71
07.05.09;4804.1
08.05.09;4913.9
11.05.09;4866.91
12.05.09;4854.11
13.05.09;4727.61
14.05.09;4738.47
15.05.09;4737.5
18.05.09;4851.96
19.05.09;4959.62
20.05.09;5038.94
21.05.09;4900.67
22.05.09;4918.75
25.05.09;4918.45
26.05.09;4985.6
27.05.09;5000.77
28.05.09;4932.88
29.05.09;4940.82
01.06.09;5142.56
02.06.09;5144.06
03.06.09;5054.53
04.06.09;5064.8
05.06.09;5077.03
08.06.09;5004.72
09.06.09;4997.86
10.06.09;5051.18
11.06.09;5107.26
12.06.09;5069.24
15.06.09;4889.94
16.06.09;4890.72
17.06.09;4799.98
18.06.09;4837.48
19.06.09;4839.46
22.06.09;4693.4
23.06.09;4707.15
24.06.09;4836.01
25.06.09;4800.56
26.06.09;4776.47
29.06.09;4885.09
30.06.09;4808.64
01.07.09;4905.44
02.07.09;4718.49
03.07.09;4708.21
06.07.09;4651.82
07.07.09;4598.19
08.07.09;4572.65
09.07.09;4630.07
10.07.09;4576.31
13.07.09;4722.34
14.07.09;4781.69
15.07.09;4928.44
16.07.09;4957.19
17.07.09;4978.4
20.07.09;5030.15
21.07.09;5093.97
22.07.09;5121.56
23.07.09;5247.28
24.07.09;5229.36
27.07.09;5251.55
28.07.09;5174.74
29.07.09;5270.32
30.07.09;5360.66
31.07.09;5332.14
03.08.09;5426.85
04.08.09;5417.02
05.08.09;5353.01
06.08.09;5369.98
07.08.09;5458.96
10.08.09;5418.12
11.08.09;5285.81
12.08.09;5350.09
13.08.09;5401.11
14.08.09;5309.11
17.08.09;5201.61
18.08.09;5250.74
19.08.09;5231.98
20.08.09;5311.06
21.08.09;5462.74
24.08.09;5519.75
25.08.09;5557.09
26.08.09;5521.97
27.08.09;5470.33
28.08.09;5517.35
31.08.09;5464.61
01.09.09;5327.29
02.09.09;5319.84
03.09.09;5301.42
04.09.09;5384.43
07.09.09;5463.51
08.09.09;5481.73
09.09.09;5574.26
10.09.09;5594.77
11.09.09;5624.02
14.09.09;5620.24
15.09.09;5628.98
16.09.09;5700.26
17.09.09;5731.14
18.09.09;5703.83
21.09.09;5668.65
22.09.09;5709.38
23.09.09;5702.05
24.09.09;5605.21
25.09.09;5581.41
28.09.09;5736.31
29.09.09;5713.52
30.09.09;5675.16
01.10.09;5554.55
02.10.09;5467.9
05.10.09;5508.85
06.10.09;5657.64
07.10.09;5640.75
08.10.09;5716.54
09.10.09;5711.88
12.10.09;5783.23
13.10.09;5714.31
14.10.09;5854.14
15.10.09;5830.77
16.10.09;5743.39
19.10.09;5852.56
20.10.09;5811.77
21.10.09;5833.49
22.10.09;5762.93
23.10.09;5740.25
26.10.09;5642.16
27.10.09;5635.02
28.10.09;5496.27
29.10.09;5587.45
30.10.09;5414.96
02.11.09;5430.82
03.11.09;5353.35
04.11.09;5444.23
05.11.09;5480.92
06.11.09;5488.25
09.11.09;5619.72
10.11.09;5613.2
11.11.09;5668.35
12.11.09;5663.96
13.11.09;5686.83
16.11.09;5804.82
17.11.09;5778.43
18.11.09;5787.61
19.11.09;5702.18
20.11.09;5663.15
23.11.09;5801.48
24.11.09;5769.31
25.11.09;5803.02
26.11.09;5614.17
27.11.09;5685.61
30.11.09;5625.95
01.12.09;5776.61
02.12.09;5781.68
03.12.09;5770.35
04.12.09;5817.65
07.12.09;5784.75
08.12.09;5688.58
09.12.09;5647.84
10.12.09;5709.02
11.12.09;5756.29
14.12.09;5802.26
15.12.09;5811.34
16.12.09;5903.43
17.12.09;5844.44
18.12.09;5831.21
21.12.09;5930.53
22.12.09;5945.69
23.12.09;5957.44
28.12.09;6002.92
29.12.09;6011.55
30.12.09;5957.43
04.01.10;6048.3
05.01.10;6031.86
06.01.10;6034.33
07.01.10;6019.36
08.01.10;6037.61
11.01.10;6040.5
12.01.10;5943
13.01.10;5963.14
14.01.10;5988.88
15.01.10;5875.97
18.01.10;5918.55
19.01.10;5976.48
20.01.10;5851.53
21.01.10;5746.97
22.01.10;5695.32
25.01.10;5631.37
26.01.10;5668.93
27.01.10;5643.2
28.01.10;5540.33
29.01.10;5608.79
01.02.10;5654.48
02.02.10;5709.66
03.02.10;5672.09
04.02.10;5533.24
05.02.10;5434.34
08.02.10;5484.85
09.02.10;5498.26
10.02.10;5536.37
11.02.10;5503.93
12.02.10;5500.39
15.02.10;5511.1
16.02.10;5592.12
17.02.10;5648.34
18.02.10;5680.41
19.02.10;5722.05
22.02.10;5688.44
23.02.10;5604.07
24.02.10;5615.51
25.02.10;5532.33
26.02.10;5598.46
01.03.10;5713.51
02.03.10;5776.56
03.03.10;5817.88
04.03.10;5795.32
05.03.10;5877.36
08.03.10;5875.91
09.03.10;5885.89
10.03.10;5936.72
11.03.10;5928.63
12.03.10;5945.11
15.03.10;5903.56
16.03.10;5970.99
17.03.10;6024.28
18.03.10;6012.31
19.03.10;5982.43
22.03.10;5987.5
23.03.10;6017.27
24.03.10;6039
25.03.10;6132.95
26.03.10;6120.05
29.03.10;6156.85
30.03.10;6142.45
31.03.10;6153.55
01.04.10;6235.56
06.04.10;6252.21
07.04.10;6222.41
08.04.10;6171.83
09.04.10;6249.7
12.04.10;6250.69
13.04.10;6230.83
14.04.10;6278.4
15.04.10;6291.45
16.04.10;6180.9
19.04.10;6162.44
20.04.10;6264.23
21.04.10;6230.38
22.04.10;6168.72
23.04.10;6259.53
26.04.10;6332.1
27.04.10;6159.51
28.04.10;6084.34
29.04.10;6144.91
30.04.10;6135.7
03.05.10;6166.92
04.05.10;6006.86
05.05.10;5958.45
06.05.10;5908.26
07.05.10;5715.09
10.05.10;6017.91
11.05.10;6037.71
12.05.10;6183.49
13.05.10;6251.97
14.05.10;6056.71
17.05.10;6066.92
18.05.10;6155.93
19.05.10;5988.67
20.05.10;5867.88
21.05.10;5829.25
24.05.10;5805.68
25.05.10;5670.04
26.05.10;5758.02
27.05.10;5937.14
28.05.10;5946.18
31.05.10;5964.33
01.06.10;5981.27
02.06.10;5981.2
03.06.10;6054.63
04.06.10;5938.88
07.06.10;5904.95
08.06.10;5868.55
09.06.10;5984.75
10.06.10;6056.59
11.06.10;6047.83
14.06.10;6125
15.06.10;6175.05
16.06.10;6190.91
17.06.10;6223.54
18.06.10;6216.98
21.06.10;6292.97
22.06.10;6269.04
23.06.10;6204.52
24.06.10;6115.48
25.06.10;6070.6
28.06.10;6157.22
29.06.10;5952.03
30.06.10;5965.52
01.07.10;5857.43
02.07.10;5834.15
05.07.10;5816.2
06.07.10;5940.98
07.07.10;5992.86
08.07.10;6035.66
09.07.10;6065.24
12.07.10;6077.19
13.07.10;6191.13
14.07.10;6209.76
15.07.10;6149.36
16.07.10;6040.27
19.07.10;6009.11
20.07.10;5967.49
21.07.10;5990.38
22.07.10;6142.15
23.07.10;6166.34
26.07.10;6194.21
27.07.10;6207.31
28.07.10;6178.94
29.07.10;6134.7
30.07.10;6147.97
02.08.10;6292.13
03.08.10;6307.91
04.08.10;6331.33
05.08.10;6333.58
06.08.10;6259.63
09.08.10;6351.6
10.08.10;6286.25
11.08.10;6154.07
12.08.10;6135.17
13.08.10;6110.41
16.08.10;6110.57
17.08.10;6206.4
18.08.10;6186.31
19.08.10;6075.13
20.08.10;6005.16
23.08.10;6010.91
24.08.10;5935.44
25.08.10;5899.5
26.08.10;5912.58
27.08.10;5951.17
30.08.10;5912.41
31.08.10;5925.22
01.09.10;6083.9
02.09.10;6083.85
03.09.10;6134.62
06.09.10;6155.04
07.09.10;6117.89
08.09.10;6164.44
09.09.10;6221.52
10.09.10;6214.77
13.09.10;6261.68
14.09.10;6275.41
15.09.10;6261.87
16.09.10;6249.65
17.09.10;6209.76
20.09.10;6294.58
21.09.10;6275.98
22.09.10;6208.33
23.09.10;6184.71
24.09.10;6298.3
27.09.10;6278.89
28.09.10;6276.09
29.09.10;6246.92
30.09.10;6229.02
01.10.10;6211.34
04.10.10;6134.21
05.10.10;6215.83
06.10.10;6270.73
07.10.10;6276.25
08.10.10;6291.67
11.10.10;6309.51
12.10.10;6304.57
13.10.10;6434.52
14.10.10;6455.27
15.10.10;6492.3
18.10.10;6516.63
19.10.10;6490.69
20.10.10;6524.55
21.10.10;6611.01
22.10.10;6605.84
25.10.10;6639.21
26.10.10;6613.8
27.10.10;6568
28.10.10;6595.28
29.10.10;6601.37
01.11.10;6604.86
02.11.10;6654.31
03.11.10;6617.8
04.11.10;6734.69
05.11.10;6754.2
08.11.10;6750.5
09.11.10;6787.81
10.11.10;6719.84
11.11.10;6723.41
12.11.10;6734.61
15.11.10;6790.17
16.11.10;6663.24
17.11.10;6700.07
18.11.10;6832.11
19.11.10;6843.55
22.11.10;6822.05
23.11.10;6705
24.11.10;6823.8
25.11.10;6879.66
26.11.10;6848.98
29.11.10;6697.97
30.11.10;6688.49
01.12.10;6866.63
02.12.10;6957.61
03.12.10;6947.72
06.12.10;6954.38
07.12.10;7001.91
08.12.10;6975.87
09.12.10;6964.16
10.12.10;7006.17
13.12.10;7029.39
14.12.10;7027.4
15.12.10;7016.37
16.12.10;7024.4
17.12.10;6982.45
20.12.10;7018.6
21.12.10;7077.99
22.12.10;7067.92
23.12.10;7057.69
27.12.10;6970.73
28.12.10;6972.1
29.12.10;6995.47
30.12.10;6914.19
03.01.11;6989.74
04.01.11;6975.35
05.01.11;6939.82
06.01.11;6981.39
07.01.11;6947.84
10.01.11;6857.06
11.01.11;6941.57
12.01.11;7068.78
13.01.11;7075.11
14.01.11;7075.7
17.01.11;7078.06
18.01.11;7143.45
19.01.11;7082.76
20.01.11;7024.27
21.01.11;7062.42
24.01.11;7067.77
25.01.11;7059.01
26.01.11;7127.35
27.01.11;7155.58
28.01.11;7102.8
31.01.11;7077.48
01.02.11;7184.27
02.02.11;7183.67
03.02.11;7193.68
04.02.11;7216.21
07.02.11;7283.62
08.02.11;7323.24
09.02.11;7320.9
10.02.11;7340.28
11.02.11;7371.2
14.02.11;7396.63
15.02.11;7400.04
16.02.11;7414.3
17.02.11;7405.51
18.02.11;7426.81
21.02.11;7321.81
22.02.11;7318.35
23.02.11;7194.6
24.02.11;7130.5
25.02.11;7185.17
28.02.11;7272.32
01.03.11;7223.3
02.03.11;7181.12
03.03.11;7225.96
04.03.11;7178.9
07.03.11;7161.93
08.03.11;7164.75
09.03.11;7131.8
10.03.11;7063.09
11.03.11;6981.49
14.03.11;6866.63
15.03.11;6647.66
16.03.11;6513.84
17.03.11;6656.88
18.03.11;6664.4
21.03.11;6816.12
22.03.11;6780.97
23.03.11;6804.45
24.03.11;6933.58
25.03.11;6946.36
28.03.11;6938.63
29.03.11;6934.44
30.03.11;7057.15
31.03.11;7041.31
01.04.11;7179.81
04.04.11;7175.33
05.04.11;7175.31
06.04.11;7215.11
07.04.11;7178.78
08.04.11;7217.02
11.04.11;7204.86
12.04.11;7102.91
13.04.11;7177.97
14.04.11;7146.56
15.04.11;7178.29
18.04.11;7026.85
19.04.11;7039.31
20.04.11;7249.19
21.04.11;7295.49
26.04.11;7356.51
27.04.11;7404.95
28.04.11;7475.22
29.04.11;7514.46
02.05.11;7527.64
03.05.11;7500.7
04.05.11;7373.93
05.05.11;7376.96
06.05.11;7492.25
09.05.11;7410.52
10.05.11;7501.52
11.05.11;7495.05
12.05.11;7443.95
13.05.11;7403.31
16.05.11;7387.54
17.05.11;7256.65
18.05.11;7303.53
19.05.11;7358.23
20.05.11;7266.82
23.05.11;7121.52
24.05.11;7150.66
25.05.11;7170.94
26.05.11;7114.09
27.05.11;7163.47
30.05.11;7160.3
31.05.11;7293.69
01.06.11;7217.43
02.06.11;7074.12
03.06.11;7109.03
06.06.11;7084.57
07.06.11;7103.25
08.06.11;7060.23
09.06.11;7159.66
10.06.11;7069.9
13.06.11;7085.14
14.06.11;7204.79
15.06.11;7115.08
16.06.11;7110.2
17.06.11;7164.05
20.06.11;7150.21
21.06.11;7285.51
22.06.11;7278.19
23.06.11;7149.44
24.06.11;7121.38
27.06.11;7107.9
28.06.11;7170.43
29.06.11;7294.14
30.06.11;7376.24
01.07.11;7419.44
04.07.11;7442.96
05.07.11;7439.44
06.07.11;7431.19
07.07.11;7471.44
08.07.11;7402.73
11.07.11;7230.25
12.07.11;7174.14
13.07.11;7267.87
14.07.11;7214.74
15.07.11;7220.12
18.07.11;7107.92
19.07.11;7192.67
20.07.11;7221.36
21.07.11;7290.14
22.07.11;7326.39
25.07.11;7344.54
26.07.11;7349.45
27.07.11;7252.68
28.07.11;7190.06
29.07.11;7158.77
01.08.11;6953.98
02.08.11;6796.75
03.08.11;6640.59
04.08.11;6414.76
05.08.11;6236.16
08.08.11;5923.27
09.08.11;5917.08
10.08.11;5613.42
11.08.11;5797.66
12.08.11;5997.74
15.08.11;6022.24
16.08.11;5994.9
17.08.11;5948.94
18.08.11;5602.8
19.08.11;5480
22.08.11;5473.78
23.08.11;5532.38
24.08.11;5681.08
25.08.11;5584.14
26.08.11;5537.48
29.08.11;5670.07
30.08.11;5643.92
31.08.11;5784.85
01.09.11;5730.63
02.09.11;5538.33
05.09.11;5246.18
06.09.11;5193.97
07.09.11;5405.53
08.09.11;5408.46
09.09.11;5189.93
12.09.11;5072.33
13.09.11;5166.36
14.09.11;5340.19
15.09.11;5508.24
16.09.11;5573.51
19.09.11;5415.91
20.09.11;5571.68
21.09.11;5433.8
22.09.11;5164.21
23.09.11;5196.56
26.09.11;5345.56
27.09.11;5628.44
28.09.11;5578.42
29.09.11;5639.58
30.09.11;5502.02
03.10.11;5376.7
04.10.11;5216.71
05.10.11;5473.03
06.10.11;5645.25
07.10.11;5675.7
10.10.11;5847.29
11.10.11;5865.01
12.10.11;5994.47
13.10.11;5914.84
14.10.11;5967.2
17.10.11;5859.43
18.10.11;5877.41
19.10.11;5913.53
20.10.11;5766.48
21.10.11;5970.96
24.10.11;6055.27
25.10.11;6046.75
26.10.11;6016.07
27.10.11;6337.84
28.10.11;6346.19
31.10.11;6141.34
01.11.11;5834.51
02.11.11;5965.63
03.11.11;6133.18
04.11.11;5966.16
07.11.11;5928.68
08.11.11;5961.44
09.11.11;5829.54
10.11.11;5867.81
11.11.11;6057.03
14.11.11;5985.02
15.11.11;5933.14
16.11.11;5913.36
17.11.11;5850.17
18.11.11;5800.24
21.11.11;5606
22.11.11;5537.39
23.11.11;5457.77
24.11.11;5428.11
25.11.11;5492.87
28.11.11;5745.33
29.11.11;5799.91
30.11.11;6088.84
01.12.11;6035.88
02.12.11;6080.68
05.12.11;6106.09
06.12.11;6028.82
07.12.11;5994.73
08.12.11;5874.44
09.12.11;5986.71
12.12.11;5785.43
13.12.11;5774.26
14.12.11;5675.14
15.12.11;5730.62
16.12.11;5701.78
19.12.11;5670.71
20.12.11;5847.03
21.12.11;5791.53
22.12.11;5852.18
23.12.11;5878.93
27.12.11;5889.76
28.12.11;5771.27
29.12.11;5848.78
30.12.11;5898.35
02.01.12;6075.52
03.01.12;6166.57
04.01.12;6111.55
05.01.12;6095.99
06.01.12;6057.92
09.01.12;6017.23
10.01.12;6162.98
11.01.12;6152.34
12.01.12;6179.21
13.01.12;6143.08
16.01.12;6220.01
17.01.12;6332.93
18.01.12;6354.57
19.01.12;6416.26
20.01.12;6404.39
23.01.12;6436.62
24.01.12;6419.22
25.01.12;6421.85
26.01.12;6539.85
27.01.12;6511.98
30.01.12;6444.45
31.01.12;6458.91
01.02.12;6616.64
02.02.12;6655.63
03.02.12;6766.67
06.02.12;6764.83
07.02.12;6754.2
08.02.12;6748.76
09.02.12;6788.8
10.02.12;6692.96
13.02.12;6738.47
14.02.12;6728.19
15.02.12;6757.94
16.02.12;6751.96
17.02.12;6848.03
20.02.12;6948.25
21.02.12;6908.18
22.02.12;6843.87
23.02.12;6809.46
24.02.12;6864.43
27.02.12;6849.6
28.02.12;6887.63
29.02.12;6856.08
01.03.12;6941.77
02.03.12;6921.37
05.03.12;6866.46
06.03.12;6633.11
07.03.12;6671.11
08.03.12;6834.54
09.03.12;6880.21
12.03.12;6901.35
13.03.12;6995.91
14.03.12;7079.42
15.03.12;7144.45
16.03.12;7157.82
19.03.12;7154.22
20.03.12;7054.94
21.03.12;7071.32
22.03.12;6981.26
23.03.12;6995.62
26.03.12;7079.23
27.03.12;7078.9
28.03.12;6998.8
29.03.12;6875.15
30.03.12;6946.83
02.04.12;7056.65
03.04.12;6982.28
04.04.12;6784.06
05.04.12;6775.26
10.04.12;6606.43
11.04.12;6674.73
12.04.12;6743.24
13.04.12;6583.9
16.04.12;6625.19
17.04.12;6801
18.04.12;6732.03
19.04.12;6671.22
20.04.12;6750.12
23.04.12;6523
24.04.12;6590.41
25.04.12;6704.5
26.04.12;6739.9
27.04.12;6801.32
30.04.12;6761.19
02.05.12;6710.77
03.05.12;6694.44
04.05.12;6561.47
07.05.12;6569.48
08.05.12;6444.74
09.05.12;6475.31
10.05.12;6518
11.05.12;6579.93
14.05.12;6451.97
15.05.12;6401.06
16.05.12;6384.26
17.05.12;6308.96
18.05.12;6271.22
21.05.12;6331.04
22.05.12;6435.6
23.05.12;6285.75
24.05.12;6315.89
25.05.12;6339.94
28.05.12;6323.19
29.05.12;6396.84
30.05.12;6280.8
31.05.12;6264.38
01.06.12;6050.29
04.06.12;5978.23
05.06.12;5969.4
06.06.12;6093.99
07.06.12;6144.22
08.06.12;6130.82
11.06.12;6141.05
12.06.12;6161.24
13.06.12;6152.49
14.06.12;6138.61
15.06.12;6229.41
18.06.12;6248.2
19.06.12;6363.36
20.06.12;6392.13
21.06.12;6343.13
22.06.12;6263.25
25.06.12;6132.39
26.06.12;6136.69
27.06.12;6228.99
28.06.12;6149.91
29.06.12;6416.28
02.07.12;6496.08
03.07.12;6578.21
04.07.12;6564.8
05.07.12;6535.56
06.07.12;6410.11
09.07.12;6387.57
10.07.12;6438.33
11.07.12;6453.85
12.07.12;6419.35
13.07.12;6557.1
16.07.12;6565.72
17.07.12;6577.64
18.07.12;6684.42
19.07.12;6758.39
20.07.12;6630.02
23.07.12;6419.33
24.07.12;6390.41
25.07.12;6406.52
26.07.12;6582.96
27.07.12;6689.4
30.07.12;6774.06
31.07.12;6772.26
01.08.12;6754.46
02.08.12;6606.09
03.08.12;6865.66
06.08.12;6918.72
07.08.12;6967.95
08.08.12;6966.15
09.08.12;6964.99
10.08.12;6944.56
13.08.12;6909.68
14.08.12;6974.39
15.08.12;6946.8
16.08.12;6996.29
17.08.12;7040.88
20.08.12;7033.68
21.08.12;7089.32
22.08.12;7017.75
23.08.12;6949.57
24.08.12;6971.07
27.08.12;7047.45
28.08.12;7002.68
29.08.12;7010.57
30.08.12;6895.49
31.08.12;6970.79
03.09.12;7014.83
04.09.12;6932.58
05.09.12;6964.69
06.09.12;7167.33
07.09.12;7214.5
10.09.12;7213.7
11.09.12;7310.11
12.09.12;7343.53
13.09.12;7310.32
14.09.12;7412.13
17.09.12;7403.69
18.09.12;7347.69
19.09.12;7390.76
20.09.12;7389.49
21.09.12;7451.62
24.09.12;7413.16
25.09.12;7425.11
26.09.12;7276.51
27.09.12;7290.02
28.09.12;7216.15
01.10.12;7326.73
02.10.12;7305.86
03.10.12;7322.08
04.10.12;7305.21
05.10.12;7397.87
08.10.12;7291.21
09.10.12;7234.53
10.10.12;7205.23
11.10.12;7281.7
12.10.12;7232.49
15.10.12;7261.25
16.10.12;7376.27
17.10.12;7394.55
18.10.12;7437.23
19.10.12;7380.64
22.10.12;7328.05
23.10.12;7173.69
24.10.12;7192.85
25.10.12;7200.23
26.10.12;7231.85
29.10.12;7203.16
30.10.12;7284.4
31.10.12;7260.63
01.11.12;7335.67
02.11.12;7363.85
05.11.12;7326.47
06.11.12;7377.76
07.11.12;7232.83
08.11.12;7204.96
09.11.12;7163.5
12.11.12;7168.76
13.11.12;7169.12
14.11.12;7101.92
15.11.12;7043.42
16.11.12;6950.53
19.11.12;7123.84
20.11.12;7172.99
21.11.12;7184.71
22.11.12;7244.99
23.11.12;7309.13
26.11.12;7292.03
27.11.12;7332.33
28.11.12;7343.41
29.11.12;7400.96
30.11.12;7405.5
03.12.12;7435.21
04.12.12;7435.12
05.12.12;7454.55
06.12.12;7534.54
07.12.12;7517.8
10.12.12;7530.92
11.12.12;7589.75
12.12.12;7614.79
13.12.12;7581.98
14.12.12;7596.47
17.12.12;7604.94
18.12.12;7653.58
19.12.12;7668.5
20.12.12;7672.1
21.12.12;7636.23
27.12.12;7655.88
28.12.12;7612.39
02.01.13;7778.78
03.01.13;7756.44
04.01.13;7776.37
07.01.13;7732.66
08.01.13;7695.83
09.01.13;7720.47
10.01.13;7708.47
11.01.13;7715.53
14.01.13;7729.52
15.01.13;7675.91
16.01.13;7691.13
17.01.13;7735.46
18.01.13;7702.23
21.01.13;7748.86
22.01.13;7696.21
23.01.13;7707.54
24.01.13;7748.13
25.01.13;7857.97
28.01.13;7833
29.01.13;7848.57
30.01.13;7811.31
31.01.13;7776.05
01.02.13;7833.39
04.02.13;7638.23
05.02.13;7664.66
06.02.13;7581.18
07.02.13;7590.85
08.02.13;7652.14
11.02.13;7633.74
12.02.13;7660.19
13.02.13;7711.89
14.02.13;7631.19
15.02.13;7593.51
18.02.13;7628.73
19.02.13;7752.45
20.02.13;7728.9
21.02.13;7583.57
22.02.13;7661.91
25.02.13;7773.19
26.02.13;7597.11
27.02.13;7675.83
28.02.13;7741.7
01.03.13;7708.16
04.03.13;7691.68
05.03.13;7870.31
06.03.13;7919.33
07.03.13;7939.77
08.03.13;7986.47
11.03.13;7984.29
12.03.13;7966.12
13.03.13;7970.91
14.03.13;8058.37
15.03.13;8042.85
18.03.13;8010.7
19.03.13;7947.79
20.03.13;8001.97
21.03.13;7932.51
22.03.13;7911.35
25.03.13;7870.9
26.03.13;7879.67
27.03.13;7789.09
28.03.13;7795.31
02.04.13;7943.87
03.04.13;7874.75
04.04.13;7817.39
05.04.13;7658.75
08.04.13;7662.64
09.04.13;7637.51
10.04.13;7810.63
11.04.13;7871.63
12.04.13;7744.77
15.04.13;7712.63
16.04.13;7682.58
17.04.13;7503.03
18.04.13;7473.73
19.04.13;7459.96
22.04.13;7478.11
23.04.13;7658.21
24.04.13;7759.03
25.04.13;7832.86
26.04.13;7814.76
29.04.13;7873.5
30.04.13;7913.71
02.05.13;7961.71
03.05.13;8122.29
06.05.13;8112.08
07.05.13;8181.78
08.05.13;8249.71
09.05.13;8262.55
10.05.13;8278.59
13.05.13;8279.29
14.05.13;8339.11
15.05.13;8362.42
16.05.13;8369.87
17.05.13;8398
20.05.13;8455.83
21.05.13;8472.2
22.05.13;8530.89
23.05.13;8351.98
24.05.13;8305.32
27.05.13;8383.3
28.05.13;8480.87
29.05.13;8336.58
30.05.13;8400.2
31.05.13;8348.84
03.06.13;8285.8
04.06.13;8295.96
05.06.13;8196.18
06.06.13;8098.81
07.06.13;8254.68
10.06.13;8307.69
11.06.13;8222.46
12.06.13;8143.27
13.06.13;8095.39
14.06.13;8127.96
17.06.13;8215.73
18.06.13;8229.51
19.06.13;8197.08
20.06.13;7928.48
21.06.13;7789.24
24.06.13;7692.45
25.06.13;7811.3
26.06.13;7940.99
27.06.13;7990.75
28.06.13;7959.22
01.07.13;7983.92
02.07.13;7910.77
03.07.13;7829.32
04.07.13;7994.31
05.07.13;7806
08.07.13;7968.54
09.07.13;8057.75
10.07.13;8066.48
11.07.13;8158.8
12.07.13;8212.77
15.07.13;8234.81
16.07.13;8201.05
17.07.13;8254.72
18.07.13;8337.09
19.07.13;8331.57
22.07.13;8331.06
23.07.13;8314.23
24.07.13;8379.11
25.07.13;8298.98
26.07.13;8244.91
29.07.13;8259.03
30.07.13;8271.02
31.07.13;8275.97
01.08.13;8410.73
02.08.13;8406.94
05.08.13;8398.38
06.08.13;8299.73
07.08.13;8260.48
08.08.13;8318.32
09.08.13;8338.31
12.08.13;8359.25
13.08.13;8415.76
14.08.13;8438.12
15.08.13;8376.29
16.08.13;8391.94
19.08.13;8366.29
20.08.13;8300.03
21.08.13;8285.41
22.08.13;8397.89
23.08.13;8416.99
26.08.13;8435.15
27.08.13;8242.56
28.08.13;8157.9
29.08.13;8194.55
30.08.13;8103.15
02.09.13;8243.87
03.09.13;8180.71
04.09.13;8195.92
05.09.13;8234.98
06.09.13;8275.67
09.09.13;8276.32
10.09.13;8446.54
11.09.13;8495.73
12.09.13;8494
13.09.13;8509.42
16.09.13;8613
17.09.13;8596.95
18.09.13;8636.06
19.09.13;8694.18
20.09.13;8675.73
23.09.13;8635.29
24.09.13;8664.6
25.09.13;8665.63
26.09.13;8664.1
27.09.13;8661.51
30.09.13;8594.4
01.10.13;8689.14
02.10.13;8629.42
03.10.13;8597.91
04.10.13;8622.97
07.10.13;8591.58
08.10.13;8555.89
09.10.13;8516.69
10.10.13;8685.77
11.10.13;8724.83
14.10.13;8723.81
15.10.13;8804.44
16.10.13;8846
17.10.13;8811.98
18.10.13;8865.1
21.10.13;8867.22
22.10.13;8947.46
23.10.13;8919.86
24.10.13;8980.63
25.10.13;8985.74
28.10.13;8978.65
29.10.13;9022.04
30.10.13;9010.27
31.10.13;9033.92
01.11.13;9007.83
04.11.13;9037.23
05.11.13;9009.11
06.11.13;9040.87
07.11.13;9081.03
08.11.13;9078.28
11.11.13;9107.86
12.11.13;9076.48
13.11.13;9054.83
14.11.13;9149.66
15.11.13;9168.69
18.11.13;9225.43
19.11.13;9193.29
20.11.13;9202.07
21.11.13;9196.08
22.11.13;9219.04
25.11.13;9299.95
26.11.13;9290.07
27.11.13;9351.13
28.11.13;9387.37
29.11.13;9405.3
02.12.13;9401.96
03.12.13;9223.4
04.12.13;9140.63
05.12.13;9084.95
06.12.13;9172.41
09.12.13;9195.17
10.12.13;9114.44
11.12.13;9077.11
12.12.13;9017
13.12.13;9006.46
16.12.13;9163.56
17.12.13;9085.12
18.12.13;9181.75
19.12.13;9335.74
20.12.13;9400.18
23.12.13;9488.82
27.12.13;9589.39
30.12.13;9552.16
02.01.14;9400.04
03.01.14;9435.15
06.01.14;9428
07.01.14;9506.2
08.01.14;9497.84
09.01.14;9421.61
10.01.14;9473.24
13.01.14;9510.17
14.01.14;9540.51
15.01.14;9733.81
16.01.14;9717.71
17.01.14;9742.96
20.01.14;9715.9
21.01.14;9730.12
22.01.14;9720.11
23.01.14;9631.04
24.01.14;9392.02
27.01.14;9349.22
28.01.14;9406.91
29.01.14;9336.73
30.01.14;9373.48
31.01.14;9306.48
03.02.14;9186.52
04.02.14;9127.91
05.02.14;9116.32
06.02.14;9256.58
07.02.14;9301.92
10.02.14;9289.86
11.02.14;9478.77
12.02.14;9540
13.02.14;9596.77
14.02.14;9662.4
17.02.14;9656.76
18.02.14;9659.78
19.02.14;9660.05
20.02.14;9618.85
21.02.14;9656.95
24.02.14;9708.94
25.02.14;9699.35
26.02.14;9661.73
27.02.14;9588.33
28.02.14;9692.08
03.03.14;9358.89
04.03.14;9589.15
05.03.14;9542.02
06.03.14;9542.87
07.03.14;9350.75
10.03.14;9265.5
11.03.14;9307.79
12.03.14;9188.69
13.03.14;9017.79
14.03.14;9056.41
17.03.14;9180.89
18.03.14;9242.55
19.03.14;9277.05
20.03.14;9296.12
21.03.14;9342.94
24.03.14;9188.77
25.03.14;9338.4
26.03.14;9448.58
27.03.14;9451.21
28.03.14;9587.19
31.03.14;9555.91
01.04.14;9603.71
02.04.14;9623.36
03.04.14;9628.82
04.04.14;9695.77
07.04.14;9510.85
08.04.14;9490.79
09.04.14;9506.35
10.04.14;9454.54
11.04.14;9315.29
14.04.14;9339.17
15.04.14;9173.71
16.04.14;9317.82
17.04.14;9409.71
22.04.14;9600.09
23.04.14;9544.19
24.04.14;9548.68
25.04.14;9401.55
28.04.14;9446.36
29.04.14;9584.12
30.04.14;9603.23
02.05.14;9556.02
05.05.14;9529.5
06.05.14;9467.53
07.05.14;9521.3
08.05.14;9607.4
09.05.14;9581.45
12.05.14;9702.46
13.05.14;9754.43
14.05.14;9754.39
15.05.14;9656.05
16.05.14;9629.1
19.05.14;9659.39
20.05.14;9639.08
21.05.14;9697.87
22.05.14;9720.91
23.05.14;9768.01
26.05.14;9892.82
27.05.14;9940.82
28.05.14;9939.17
29.05.14;9938.9
30.05.14;9943.27
02.06.14;9950.12
03.06.14;9919.74
04.06.14;9926.67
05.06.14;9947.83
06.06.14;9987.19
09.06.14;10008.63
10.06.14;10028.8
11.06.14;9949.81
12.06.14;9938.7
13.06.14;9912.87
16.06.14;9883.98
17.06.14;9920.32
18.06.14;9930.33
19.06.14;10004
20.06.14;9987.24
23.06.14;9920.92
24.06.14;9938.08
25.06.14;9867.75
26.06.14;9804.9
27.06.14;9815.17
30.06.14;9833.07
01.07.14;9902.41
02.07.14;9911.27
03.07.14;10029.43
04.07.14;10009.08
07.07.14;9906.07
08.07.14;9772.67
09.07.14;9808.2
10.07.14;9659.13
11.07.14;9666.34
14.07.14;9783.01
15.07.14;9719.41
16.07.14;9859.27
17.07.14;9753.88
18.07.14;9720.02
21.07.14;9612.05
22.07.14;9734.33
23.07.14;9753.56
24.07.14;9794.06
25.07.14;9644.01
28.07.14;9598.17
29.07.14;9653.63
30.07.14;9593.68
31.07.14;9407.48
01.08.14;9210.08
04.08.14;9154.14
05.08.14;9189.74
06.08.14;9130.04
07.08.14;9038.97
08.08.14;9009.32
11.08.14;9180.74
12.08.14;9069.47
13.08.14;9198.88
14.08.14;9225.1
15.08.14;9092.6
18.08.14;9245.33
19.08.14;9334.28
20.08.14;9314.57
21.08.14;9401.53
22.08.14;9339.17
25.08.14;9510.14
26.08.14;9588.15
27.08.14;9569.71
28.08.14;9462.56
29.08.14;9470.17
01.09.14;9479.03
02.09.14;9507.02
03.09.14;9626.49
04.09.14;9724.26
05.09.14;9747.02
08.09.14;9758.03
09.09.14;9710.7
10.09.14;9700.17
11.09.14;9691.28
12.09.14;9651.13
15.09.14;9659.63
16.09.14;9632.93
17.09.14;9661.5
18.09.14;9798.13
19.09.14;9799.26
22.09.14;9749.54
23.09.14;9595.03
24.09.14;9661.97
25.09.14;9510.01
26.09.14;9490.55
29.09.14;9422.91
30.09.14;9474.3
01.10.14;9382.03
02.10.14;9195.68
06.10.14;9209.51
07.10.14;9086.21
08.10.14;8995.33
09.10.14;9005.02
10.10.14;8788.81
13.10.14;8812.43
14.10.14;8825.21
15.10.14;8571.95
16.10.14;8582.9
17.10.14;8850.27
20.10.14;8717.76
21.10.14;8886.96
22.10.14;8940.14
23.10.14;9047.31
24.10.14;8987.8
27.10.14;8902.61
28.10.14;9068.19
29.10.14;9082.81
30.10.14;9114.84
31.10.14;9326.87
03.11.14;9251.7
04.11.14;9166.47
05.11.14;9315.48
06.11.14;9377.41
07.11.14;9291.83
10.11.14;9351.87
11.11.14;9369.03
12.11.14;9210.96
13.11.14;9248.51
14.11.14;9252.94
17.11.14;9306.35
18.11.14;9456.53
19.11.14;9472.8
20.11.14;9483.97
21.11.14;9732.55
24.11.14;9785.54
25.11.14;9861.21
26.11.14;9915.56
27.11.14;9974.87
28.11.14;9980.85
01.12.14;9963.51
02.12.14;9934.08
03.12.14;9971.79
04.12.14;9851.35
05.12.14;10087.12
08.12.14;10014.99
09.12.14;9793.71
10.12.14;9799.73
11.12.14;9862.53
12.12.14;9594.73
15.12.14;9334.01
16.12.14;9563.89
17.12.14;9544.43
18.12.14;9811.06
19.12.14;9786.96
22.12.14;9865.76
23.12.14;9922.11
29.12.14;9927.13
30.12.14;9805.55
02.01.15;9764.73
05.01.15;9473.16
06.01.15;9469.66
07.01.15;9518.18
08.01.15;9837.61
09.01.15;9648.5
12.01.15;9781.9
13.01.15;9941
14.01.15;9817.08
15.01.15;10032.61
16.01.15;10167.77
19.01.15;10242.35
20.01.15;10257.13
21.01.15;10299.23
22.01.15;10435.62
23.01.15;10649.58
26.01.15;10798.33
27.01.15;10628.58
28.01.15;10710.97
29.01.15;10737.87
30.01.15;10694.32
02.02.15;10828.01
03.02.15;10890.95
04.02.15;10911.32
05.02.15;10905.41
06.02.15;10846.39
09.02.15;10663.51
10.02.15;10753.83
11.02.15;10752.11
12.02.15;10919.65
13.02.15;10963.4
16.02.15;10923.23
17.02.15;10895.62
18.02.15;10961
19.02.15;11001.94
20.02.15;11050.64
23.02.15;11130.92
24.02.15;11205.74
25.02.15;11210.27
26.02.15;11327.19
27.02.15;11401.66
02.03.15;11410.36
03.03.15;11280.36
04.03.15;11390.38
05.03.15;11504.01
06.03.15;11550.97
09.03.15;11582.11
10.03.15;11500.38
11.03.15;11805.99
12.03.15;11799.39
13.03.15;11901.61
16.03.15;12167.72
17.03.15;11980.85
18.03.15;11922.77
19.03.15;11899.4
20.03.15;12039.37
23.03.15;11895.84
24.03.15;12005.69
25.03.15;11865.32
26.03.15;11843.68
27.03.15;11868.33
30.03.15;12086.01
31.03.15;11966.17
01.04.15;12001.38
02.04.15;11967.39
07.04.15;12123.52
08.04.15;12035.86
09.04.15;12166.44
10.04.15;12374.73
13.04.15;12338.73
14.04.15;12227.6
15.04.15;12231.34
16.04.15;11998.86
17.04.15;11688.7
20.04.15;11891.91
21.04.15;11939.58
22.04.15;11867.37
23.04.15;11723.58
24.04.15;11810.85
27.04.15;12039.16
28.04.15;11811.66
29.04.15;11432.72
30.04.15;11454.38
04.05.15;11619.85
05.05.15;11327.68
06.05.15;11350.15
07.05.15;11407.97
08.05.15;11709.73
11.05.15;11673.35
12.05.15;11472.41
13.05.15;11351.46
14.05.15;11559.82
15.05.15;11447.03
18.05.15;11594.28
19.05.15;11853.33
20.05.15;11848.47
21.05.15;11864.59
22.05.15;11815.01
26.05.15;11625.13
27.05.15;11771.13
28.05.15;11677.57
29.05.15;11413.82
01.06.15;11436.05
02.06.15;11328.8
03.06.15;11419.62
04.06.15;11340.6
05.06.15;11197.15
08.06.15;11064.92
09.06.15;11001.29
10.06.15;11265.39
11.06.15;11332.78
12.06.15;11196.49
15.06.15;10984.97
16.06.15;11044.01
17.06.15;10978.01
18.06.15;11100.3
19.06.15;11040.1
22.06.15;11460.5
23.06.15;11542.54
24.06.15;11471.26
25.06.15;11473.13
26.06.15;11492.43
29.06.15;11083.2
30.06.15;10944.97
01.07.15;11180.5
02.07.15;11099.35
03.07.15;11058.39
06.07.15;10890.63
07.07.15;10676.78
08.07.15;10747.3
09.07.15;10996.41
10.07.15;11315.63
13.07.15;11484.38
14.07.15;11516.9
15.07.15;11539.66
16.07.15;11716.76
17.07.15;11673.42
20.07.15;11735.72
21.07.15;11604.8
22.07.15;11520.67
23.07.15;11512.11
24.07.15;11347.45
27.07.15;11056.4
28.07.15;11173.91
29.07.15;11211.85
30.07.15;11257.15
31.07.15;11308.99
03.08.15;11443.72
04.08.15;11456.07
05.08.15;11636.3
06.08.15;11585.1
07.08.15;11490.83
10.08.15;11604.78
11.08.15;11293.65
12.08.15;10924.61
13.08.15;11014.63
14.08.15;10985.14
17.08.15;10940.33
18.08.15;10915.92
19.08.15;10682.15
20.08.15;10432.19
21.08.15;10124.52
24.08.15;9648.43
25.08.15;10128.12
26.08.15;9997.43
27.08.15;10315.62
28.08.15;10298.53
31.08.15;10259.46
01.09.15;10015.57
02.09.15;10048.05
03.09.15;10317.84
04.09.15;10038.04
07.09.15;10108.61
08.09.15;10271.36
09.09.15;10303.12
10.09.15;10210.44
11.09.15;10123.56
14.09.15;10131.74
15.09.15;10188.13
16.09.15;10227.21
17.09.15;10229.58
18.09.15;9916.16
21.09.15;9948.51
22.09.15;9570.66
23.09.15;9612.62
24.09.15;9427.64
25.09.15;9688.53
28.09.15;9483.55
29.09.15;9450.4
30.09.15;9660.44
01.10.15;9509.25
02.10.15;9553.07
05.10.15;9814.79
06.10.15;9902.83
07.10.15;9970.4
08.10.15;9993.07
09.10.15;10096.6
12.10.15;10119.83
13.10.15;10032.82
14.10.15;9915.85
15.10.15;10064.8
16.10.15;10104.43
19.10.15;10164.31
20.10.15;10147.68
21.10.15;10238.1
22.10.15;10491.97
23.10.15;10794.54
26.10.15;10801.34
27.10.15;10692.19
28.10.15;10831.96
29.10.15;10800.84
30.10.15;10850.14
02.11.15;10950.67
03.11.15;10951.15
04.11.15;10845.24
05.11.15;10887.74
06.11.15;10988.03
09.11.15;10815.45
10.11.15;10832.52
11.11.15;10907.87
12.11.15;10782.63
13.11.15;10708.4
16.11.15;10713.23
17.11.15;10971.04
18.11.15;10959.95
19.11.15;11085.44
20.11.15;11119.83
23.11.15;11092.31
24.11.15;10933.99
25.11.15;11169.54
26.11.15;11320.77
27.11.15;11293.76
30.11.15;11382.23
01.12.15;11261.24
02.12.15;11190.02
03.12.15;10789.24
04.12.15;10752.1
07.12.15;10886.09
08.12.15;10673.6
09.12.15;10592.49
10.12.15;10598.93
11.12.15;10340.06
14.12.15;10139.34
15.12.15;10450.38
16.12.15;10469.26
17.12.15;10738.12
18.12.15;10608.19
21.12.15;10497.77
22.12.15;10488.75
23.12.15;10727.64
28.12.15;10653.91
29.12.15;10860.14
30.12.15;10743.01
04.01.16;10283.44
05.01.16;10310.1
06.01.16;10214.02
07.01.16;9979.85
08.01.16;9849.34
11.01.16;9825.07
12.01.16;9985.43
13.01.16;9960.96
14.01.16;9794.2
15.01.16;9545.27
18.01.16;9521.85
19.01.16;9664.21
20.01.16;9391.64
21.01.16;9574.16
22.01.16;9764.88
25.01.16;9736.15
26.01.16;9822.75
27.01.16;9880.82
28.01.16;9639.59
29.01.16;9798.11
01.02.16;9757.88
02.02.16;9581.04
03.02.16;9434.82
04.02.16;9393.36
05.02.16;9286.23
08.02.16;8979.36
09.02.16;8879.4
10.02.16;9017.29
11.02.16;8752.87
12.02.16;8967.51
15.02.16;9206.84
16.02.16;9135.11
17.02.16;9377.21
18.02.16;9463.64
19.02.16;9388.05
22.02.16;9573.59
23.02.16;9416.77
24.02.16;9167.8
25.02.16;9331.48
26.02.16;9513.3
29.02.16;9495.4
01.03.16;9717.16
02.03.16;9776.62
03.03.16;9751.92
04.03.16;9824.17
07.03.16;9778.93
08.03.16;9692.82
09.03.16;9723.09
10.03.16;9498.15
11.03.16;9831.13
14.03.16;9990.26
15.03.16;9933.85
16.03.16;9983.41
17.03.16;9892.2
18.03.16;9950.8
21.03.16;9948.64
22.03.16;9990
23.03.16;10022.93
24.03.16;9851.35
29.03.16;9887.94
30.03.16;10046.61
31.03.16;9965.51
01.04.16;9794.64
04.04.16;9822.08
05.04.16;9563.36
06.04.16;9624.51
07.04.16;9530.62
08.04.16;9622.26
11.04.16;9682.99
12.04.16;9761.47
13.04.16;10026.1
14.04.16;10093.65
15.04.16;10051.57
18.04.16;10120.31
19.04.16;10349.59
20.04.16;10421.29
21.04.16;10435.73
22.04.16;10373.49
25.04.16;10294.35
26.04.16;10259.59
27.04.16;10299.83
28.04.16;10321.15
29.04.16;10038.97
02.05.16;10123.27
03.05.16;9926.77
04.05.16;9828.25
05.05.16;9851.86
06.05.16;9869.95
09.05.16;9980.49
10.05.16;10045.44
11.05.16;9975.32
12.05.16;9862.12
13.05.16;9952.9
17.05.16;9890.19
18.05.16;9943.23
19.05.16;9795.89
20.05.16;9916.02
23.05.16;9842.29
24.05.16;10057.31
25.05.16;10205.21
26.05.16;10272.71
27.05.16;10286.31
30.05.16;10333.23
31.05.16;10262.74
01.06.16;10204.44
02.06.16;10208
03.06.16;10103.26
06.06.16;10121.08
07.06.16;10287.68
08.06.16;10217.03
09.06.16;10088.87
10.06.16;9834.62
13.06.16;9657.44
14.06.16;9519.2
15.06.16;9606.71
16.06.16;9550.47
17.06.16;9631.36
20.06.16;9962.02
21.06.16;10015.54
22.06.16;10071.06
23.06.16;10257.03
24.06.16;9557.16
27.06.16;9268.66
28.06.16;9447.28
29.06.16;9612.27
30.06.16;9680.09
01.07.16;9776.12
04.07.16;9709.09
05.07.16;9532.61
06.07.16;9373.26
07.07.16;9418.78
08.07.16;9629.66
11.07.16;9833.41
12.07.16;9964.07
13.07.16;9930.71
14.07.16;10068.3
15.07.16;10066.9
18.07.16;10063.13
19.07.16;9981.24
20.07.16;10142.01
21.07.16;10156.21
22.07.16;10147.46
25.07.16;10198.24
26.07.16;10247.76
27.07.16;10319.55
28.07.16;10274.93
29.07.16;10337.5
01.08.16;10330.52
02.08.16;10144.34
03.08.16;10170.21
04.08.16;10227.86
05.08.16;10367.21
08.08.16;10432.36
09.08.16;10692.9
10.08.16;10650.89
11.08.16;10742.84
12.08.16;10713.43
15.08.16;10739.21
16.08.16;10676.65
17.08.16;10537.67
18.08.16;10603.03
19.08.16;10544.36
22.08.16;10494.35
23.08.16;10592.88
24.08.16;10622.97
25.08.16;10529.59
26.08.16;10587.77
29.08.16;10544.44
30.08.16;10657.64
31.08.16;10592.69
01.09.16;10534.31
02.09.16;10683.82
05.09.16;10672.22
06.09.16;10687.14
07.09.16;10752.98
08.09.16;10675.29
09.09.16;10573.44
12.09.16;10431.77
13.09.16;10386.6
14.09.16;10378.4
15.09.16;10431.2
16.09.16;10276.17
19.09.16;10373.87
20.09.16;10393.86
21.09.16;10436.49
22.09.16;10674.18
23.09.16;10626.97
26.09.16;10393.71
27.09.16;10361.48
28.09.16;10438.34
29.09.16;10405.54
30.09.16;10511.02
04.10.16;10619.61
05.10.16;10585.78
06.10.16;10568.8
07.10.16;10490.86
10.10.16;10624.08
11.10.16;10577.16
12.10.16;10523.07
13.10.16;10414.07
14.10.16;10580.38
17.10.16;10503.57
18.10.16;10631.55
19.10.16;10645.68
20.10.16;10701.39
21.10.16;10710.73
24.10.16;10761.17
25.10.16;10757.31
26.10.16;10709.68
27.10.16;10717.08
28.10.16;10696.19
31.10.16;10665.01
01.11.16;10526.16
02.11.16;10370.93
03.11.16;10325.88
04.11.16;10259.13
07.11.16;10456.95
08.11.16;10482.32
09.11.16;10646.01
10.11.16;10630.12
11.11.16;10667.95
14.11.16;10693.69
15.11.16;10735.14
16.11.16;10663.87
17.11.16;10685.54
18.11.16;10664.56
21.11.16;10685.13
22.11.16;10713.85
23.11.16;10662.44
24.11.16;10689.26
25.11.16;10699.27
28.11.16;10582.67
29.11.16;10620.49
30.11.16;10640.3
01.12.16;10534.05
02.12.16;10513.35
05.12.16;10684.83
06.12.16;10775.32
07.12.16;10986.69
08.12.16;11179.42
09.12.16;11203.63
12.12.16;11190.21
13.12.16;11284.65
14.12.16;11244.84
15.12.16;11366.4
16.12.16;11404.01
19.12.16;11426.7
20.12.16;11464.74
21.12.16;11468.64
22.12.16;11456.1
23.12.16;11449.93
27.12.16;11472.24
28.12.16;11474.99
29.12.16;11451.05
30.12.16;11481.06
02.01.17;11598.33
03.01.17;11584.24
04.01.17;11584.31
05.01.17;11584.94
06.01.17;11599.01
09.01.17;11563.99
10.01.17;11583.3
11.01.17;11646.17
12.01.17;11521.04
13.01.17;11629.18
16.01.17;11554.71
17.01.17;11540
18.01.17;11599.39
19.01.17;11596.89
20.01.17;11630.13
23.01.17;11545.75
24.01.17;11594.94
25.01.17;11806.05
26.01.17;11848.63
27.01.17;11814.27
30.01.17;11681.89
31.01.17;11535.31
01.02.17;11659.5
02.02.17;11627.95
03.02.17;11651.49
06.02.17;11509.84
07.02.17;11549.44
08.02.17;11543.38
09.02.17;11642.86
10.02.17;11666.97
13.02.17;11774.43
14.02.17;11771.81
15.02.17;11793.93
16.02.17;11757.24
17.02.17;11757.02
20.02.17;11827.62
21.02.17;11967.49
22.02.17;11998.59
23.02.17;11947.83
24.02.17;11804.03
27.02.17;11822.67
28.02.17;11834.41
01.03.17;12067.19
02.03.17;12059.57
03.03.17;12027.36
06.03.17;11958.4
07.03.17;11966.14
08.03.17;11967.31
09.03.17;11978.39
10.03.17;11963.18
13.03.17;11990.03
14.03.17;11988.79
15.03.17;12009.87
16.03.17;12083.18
17.03.17;12095.24
20.03.17;12052.9
21.03.17;11962.13
22.03.17;11904.12
23.03.17;12039.68
24.03.17;12064.27
27.03.17;11996.07
28.03.17;12149.42
29.03.17;12203
30.03.17;12256.43
31.03.17;12312.87
03.04.17;12257.2
04.04.17;12282.34
05.04.17;12217.54
06.04.17;12230.89
07.04.17;12225.06
10.04.17;12200.52
11.04.17;12139.35
12.04.17;12154.7
13.04.17;12109
18.04.17;12000.44
19.04.17;12016.45
20.04.17;12027.32
21.04.17;12048.57
24.04.17;12454.98
25.04.17;12467.04
26.04.17;12472.8
27.04.17;12443.79
28.04.17;12438.01
02.05.17;12507.9
03.05.17;12527.84
04.05.17;12647.78
05.05.17;12716.89
08.05.17;12694.55
09.05.17;12749.12
10.05.17;12757.46
11.05.17;12711.06
12.05.17;12770.41
15.05.17;12807.04
16.05.17;12804.53
17.05.17;12631.61
18.05.17;12590.06
19.05.17;12638.69
22.05.17;12619.46
23.05.17;12659.15
24.05.17;12642.87
25.05.17;12621.72
26.05.17;12602.18
29.05.17;12628.95
30.05.17;12598.68
31.05.17;12615.06
01.06.17;12664.92
02.06.17;12822.94
06.06.17;12690.12
07.06.17;12672.49
08.06.17;12713.58
09.06.17;12815.72
12.06.17;12690.44
13.06.17;12764.98
14.06.17;12805.95
15.06.17;12691.81
16.06.17;12752.73
19.06.17;12888.95
20.06.17;12814.79
21.06.17;12774.26
22.06.17;12794
23.06.17;12733.41
26.06.17;12770.83
27.06.17;12671.02
28.06.17;12647.27
29.06.17;12416.19
30.06.17;12325.12
03.07.17;12475.31
04.07.17;12437.13
05.07.17;12453.68
06.07.17;12381.25
07.07.17;12388.68
10.07.17;12445.92
11.07.17;12437.02
12.07.17;12626.58
13.07.17;12641.33
14.07.17;12631.72
17.07.17;12587.16
18.07.17;12430.39
19.07.17;12452.05
20.07.17;12447.25
21.07.17;12240.06
24.07.17;12208.95
25.07.17;12264.31
26.07.17;12305.11
27.07.17;12212.04
28.07.17;12162.7
31.07.17;12118.25
01.08.17;12251.29
02.08.17;12181.48
03.08.17;12154.72
04.08.17;12297.72
07.08.17;12257.17
08.08.17;12292.05
09.08.17;12154
10.08.17;12014.3
11.08.17;12014.06
14.08.17;12165.12
15.08.17;12177.04
16.08.17;12263.86
17.08.17;12203.46
18.08.17;12165.19
21.08.17;12065.99
22.08.17;12229.34
23.08.17;12174.3
24.08.17;12180.83
25.08.17;12167.94
28.08.17;12123.47
29.08.17;11945.88
30.08.17;12002.47
31.08.17;12055.84
01.09.17;12142.64
04.09.17;12102.21
05.09.17;12123.71
06.09.17;12214.54
07.09.17;12296.63
08.09.17;12303.98
11.09.17;12475.24
12.09.17;12524.77
13.09.17;12553.57
14.09.17;12540.45
15.09.17;12518.81
18.09.17;12559.39
19.09.17;12561.79
20.09.17;12569.17
21.09.17;12600.03
22.09.17;12592.35
25.09.17;12594.81
26.09.17;12605.2
27.09.17;12657.41
28.09.17;12704.65
29.09.17;12828.86
02.10.17;12902.65
04.10.17;12970.52
05.10.17;12968.05
06.10.17;12955.94
09.10.17;12976.4
10.10.17;12949.25
11.10.17;12970.68
12.10.17;12982.89
13.10.17;12991.87
16.10.17;13003.7
17.10.17;12995.06
18.10.17;13043.03
19.10.17;12990.1
20.10.17;12991.28
23.10.17;13003.14
24.10.17;13013.19
25.10.17;12953.41
26.10.17;13133.28
27.10.17;13217.54
30.10.17;13229.57
01.11.17;13465.51
02.11.17;13440.93
03.11.17;13478.86
06.11.17;13468.79
07.11.17;13379.27
08.11.17;13382.42
09.11.17;13182.56
10.11.17;13127.47
13.11.17;13074.42
14.11.17;13033.48
15.11.17;12976.37
16.11.17;13047.22
17.11.17;12993.73
20.11.17;13058.66
21.11.17;13167.54
22.11.17;13015.04
23.11.17;13008.55
24.11.17;13059.84
27.11.17;13000.2
28.11.17;13059.53
29.11.17;13061.87
30.11.17;13023.98
01.12.17;12861.49
04.12.17;13058.55
05.12.17;13048.54
06.12.17;12998.85
07.12.17;13045.15
08.12.17;13153.7
11.12.17;13123.65
12.12.17;13183.53
13.12.17;13125.64
14.12.17;13068.08
15.12.17;13103.56
18.12.17;13312.3
19.12.17;13215.79
20.12.17;13069.17
21.12.17;13109.74
22.12.17;13072.79
27.12.17;13070.02
28.12.17;12979.94
29.12.17;12917.64
02.01.18;12871.39
03.01.18;12978.21
04.01.18;13167.89
05.01.18;13319.64
08.01.18;13367.78
09.01.18;13385.59
10.01.18;13281.34
11.01.18;13202.9
12.01.18;13245.03
15.01.18;13200.51
16.01.18;13246.33
17.01.18;13183.96
18.01.18;13281.43
19.01.18;13434.45
22.01.18;13463.69
23.01.18;13559.6
24.01.18;13414.74
25.01.18;13298.36
26.01.18;13340.17
29.01.18;13324.48
30.01.18;13197.71
31.01.18;13189.48
01.02.18;13003.9
02.02.18;12785.16
05.02.18;12687.49
06.02.18;12392.66
07.02.18;12590.43
08.02.18;12260.29
09.02.18;12107.48
12.02.18;12282.77
13.02.18;12196.5
14.02.18;12339.16
15.02.18;12346.17
16.02.18;12451.96
19.02.18;12385.6
20.02.18;12487.9
21.02.18;12470.49
22.02.18;12461.91
23.02.18;12483.79
26.02.18;12527.04
27.02.18;12490.73
28.02.18;12435.85
01.03.18;12190.94
02.03.18;11913.71
05.03.18;12090.87
06.03.18;12113.87
07.03.18;12245.36
08.03.18;12355.57
09.03.18;12346.68
12.03.18;12418.39
13.03.18;12221.03
14.03.18;12237.74
15.03.18;12345.56
16.03.18;12389.58
19.03.18;12217.02
20.03.18;12307.33
21.03.18;12309.15
22.03.18;12100.08
23.03.18;11886.31
26.03.18;11787.26
27.03.18;11970.83
28.03.18;11940.71
29.03.18;12096.73
03.04.18;12002.45
04.04.18;11957.9
05.04.18;12305.19
06.04.18;12241.27
09.04.18;12261.75
10.04.18;12397.32
11.04.18;12293.97
12.04.18;12415.01
13.04.18;12442.4
16.04.18;12391.41
17.04.18;12585.57
18.04.18;12590.83
19.04.18;12567.42
20.04.18;12540.5
23.04.18;12572.39
24.04.18;12550.82
25.04.18;12422.3
26.04.18;12500.47
27.04.18;12580.87
30.04.18;12612.11
02.05.18;12802.25
03.05.18;12690.15
04.05.18;12819.6
07.05.18;12948.14
08.05.18;12912.21
09.05.18;12943.06
10.05.18;13022.87
11.05.18;13001.24
14.05.18;12977.71
15.05.18;12970.04
16.05.18;12996.33
17.05.18;13114.61
18.05.18;13077.72
22.05.18;13169.92
23.05.18;12976.84
24.05.18;12855.09
25.05.18;12938.01
28.05.18;12863.46
29.05.18;12666.51
30.05.18;12783.76
31.05.18;12604.89
01.06.18;12724.27
04.06.18;12770.75
05.06.18;12787.13
06.06.18;12830.07
07.06.18;12811.05
08.06.18;12766.55
11.06.18;12842.91
12.06.18;12842.3
13.06.18;12890.58
14.06.18;13107.1
15.06.18;13010.55
18.06.18;12834.11
19.06.18;12677.97
20.06.18;12695.16
21.06.18;12511.91
22.06.18;12579.72
25.06.18;12270.33
26.06.18;12234.34
27.06.18;12348.61
28.06.18;12177.23
29.06.18;12306
02.07.18;12238.17
03.07.18;12349.14
04.07.18;12317.61
05.07.18;12464.29
06.07.18;12496.17
09.07.18;12543.89
10.07.18;12609.85
11.07.18;12417.13
12.07.18;12492.97
13.07.18;12540.73
16.07.18;12561.02
17.07.18;12661.54
18.07.18;12765.94
19.07.18;12686.29
20.07.18;12561.42
23.07.18;12548.57
24.07.18;12689.39
25.07.18;12579.33
26.07.18;12809.23
27.07.18;12860.4
30.07.18;12798.2
31.07.18;12805.5
01.08.18;12737.05
02.08.18;12546.33
03.08.18;12615.76
06.08.18;12598.21
07.08.18;12648.19
08.08.18;12633.54
09.08.18;12676.11
10.08.18;12424.35
13.08.18;12358.74
14.08.18;12358.87
15.08.18;12163.01
16.08.18;12237.17
17.08.18;12210.55
20.08.18;12331.3
21.08.18;12384.49
22.08.18;12385.7
23.08.18;12365.58
24.08.18;12394.52
27.08.18;12538.31
28.08.18;12527.42
29.08.18;12561.68
30.08.18;12494.24
31.08.18;12364.06
03.09.18;12346.41
04.09.18;12210.21
05.09.18;12040.46
06.09.18;11955.25
07.09.18;11959.63
10.09.18;11986.34
11.09.18;11970.27
12.09.18;12032.3
13.09.18;12055.55
14.09.18;12124.33
17.09.18;12096.41
18.09.18;12157.67
19.09.18;12219.02
20.09.18;12326.48
21.09.18;12430.88
24.09.18;12350.82
25.09.18;12374.66
26.09.18;12385.89
27.09.18;12435.59
28.09.18;12246.73
01.10.18;12339.03
02.10.18;12287.58
04.10.18;12244.14
05.10.18;12111.9
08.10.18;11947.16
09.10.18;11977.22
10.10.18;11712.5
11.10.18;11539.35
12.10.18;11523.81
15.10.18;11614.16
16.10.18;11776.55
17.10.18;11715.03
18.10.18;11589.21
19.10.18;11553.83
22.10.18;11524.34
23.10.18;11274.28
24.10.18;11191.63
25.10.18;11307.12
26.10.18;11200.62
29.10.18;11335.48
30.10.18;11287.39
31.10.18;11447.51
01.11.18;11468.54
02.11.18;11518.99
05.11.18;11494.96
06.11.18;11484.34
07.11.18;11579.1
08.11.18;11527.32
09.11.18;11529.16
12.11.18;11325.44
13.11.18;11472.22
14.11.18;11412.53
15.11.18;11353.67
16.11.18;11341
19.11.18;11244.54
20.11.18;11066.41
21.11.18;11244.17
22.11.18;11138.49
23.11.18;11192.69
26.11.18;11354.72
27.11.18;11309.11
28.11.18;11298.88
29.11.18;11298.23
30.11.18;11257.24
03.12.18;11465.46
04.12.18;11335.32
05.12.18;11200.24
06.12.18;10810.98
07.12.18;10788.09
10.12.18;10622.07
11.12.18;10780.51
12.12.18;10929.43
13.12.18;10924.7
14.12.18;10865.77
17.12.18;10772.2
18.12.18;10740.89
19.12.18;10766.21
20.12.18;10611.1
21.12.18;10633.82
27.12.18;10381.51
28.12.18;10558.96
02.01.19;10580.19
03.01.19;10416.66
04.01.19;10767.69
07.01.19;10747.81
08.01.19;10803.98
09.01.19;10893.32
10.01.19;10921.59
11.01.19;10887.46
14.01.19;10855.91
15.01.19;10891.79
16.01.19;10931.24
17.01.19;10918.62
18.01.19;11205.54
21.01.19;11136.2
22.01.19;11090.11
23.01.19;11071.54
24.01.19;11130.18
25.01.19;11281.79
28.01.19;11210.31
29.01.19;11218.83
30.01.19;11181.66
31.01.19;11173.1
01.02.19;11180.66
04.02.19;11176.58
05.02.19;11367.98
06.02.19;11324.72
07.02.19;11022.02
08.02.19;10906.78
11.02.19;11014.59
12.02.19;11126.08
13.02.19;11167.22
14.02.19;11089.79
15.02.19;11299.8
18.02.19;11299.2
19.02.19;11309.21
20.02.19;11401.97
21.02.19;11423.28
22.02.19;11457.7
25.02.19;11505.39
26.02.19;11540.79
27.02.19;11487.33
28.02.19;11515.64
01.03.19;11601.68
04.03.19;11592.66
05.03.19;11620.74
06.03.19;11587.63
07.03.19;11517.8
08.03.19;11457.84
11.03.19;11543.48
12.03.19;11524.17
13.03.19;11572.41
14.03.19;11587.47
15.03.19;11685.69
18.03.19;11657.06
19.03.19;11788.41
20.03.19;11603.89
21.03.19;11549.96
22.03.19;11364.17
25.03.19;11346.65
26.03.19;11419.48
27.03.19;11419.04
28.03.19;11428.16
29.03.19;11526.04
01.04.19;11681.99
02.04.19;11754.79
03.04.19;11954.4
04.04.19;11988.01
05.04.19;12009.75
08.04.19;11963.4
09.04.19;11850.57
10.04.19;11905.91
11.04.19;11935.2
12.04.19;11999.93
15.04.19;12020.28
16.04.19;12101.32
17.04.19;12153.07
18.04.19;12222.39
23.04.19;12235.51
24.04.19;12313.16
25.04.19;12282.6
26.04.19;12315.18
29.04.19;12328.02
30.04.19;12344.08
02.05.19;12345.42
03.05.19;12412.75
06.05.19;12286.88
07.05.19;12092.74
08.05.19;12179.93
09.05.19;11973.92
10.05.19;12059.83
13.05.19;11876.65
14.05.19;11991.62
15.05.19;12099.57
16.05.19;12310.37
17.05.19;12238.94
20.05.19;12041.29
21.05.19;12143.47
22.05.19;12168.74
23.05.19;11952.41
24.05.19;12011.04
27.05.19;12071.18
28.05.19;12027.05
29.05.19;11837.81
30.05.19;11902.08
31.05.19;11726.84
03.06.19;11792.81
04.06.19;11971.17
05.06.19;11980.81
06.06.19;11953.14
07.06.19;12045.38
11.06.19;12155.81
12.06.19;12115.68
13.06.19;12169.05
14.06.19;12096.4
17.06.19;12085.82
18.06.19;12331.75
19.06.19;12308.53
20.06.19;12355.39
21.06.19;12339.92
24.06.19;12274.57
25.06.19;12228.44
26.06.19;12245.32
27.06.19;12271.03
28.06.19;12398.8
01.07.19;12521.38
02.07.19;12526.72
03.07.19;12616.24
04.07.19;12629.9
05.07.19;12568.53
08.07.19;12543.51
09.07.19;12436.55
10.07.19;12373.41
11.07.19;12332.12
12.07.19;12323.32
15.07.19;12387.34
16.07.19;12430.97
17.07.19;12341.03
18.07.19;12227.85
19.07.19;12260.07
22.07.19;12289.4
23.07.19;12490.74
24.07.19;12522.89
25.07.19;12362.1
26.07.19;12419.9
29.07.19;12417.47
30.07.19;12147.24
31.07.19;12189.04
01.08.19;12253.15
02.08.19;11872.44
05.08.19;11658.51
06.08.19;11567.96
07.08.19;11650.15
08.08.19;11845.41
09.08.19;11693.8
12.08.19;11679.68
13.08.19;11750.13
14.08.19;11492.66
15.08.19;11412.67
16.08.19;11562.74
19.08.19;11715.37
20.08.19;11651.18
21.08.19;11802.85
22.08.19;11747.04
23.08.19;11611.51
26.08.19;11658.04
27.08.19;11730.02
28.08.19;11701.02
29.08.19;11838.88
30.08.19;11939.28
02.09.19;11953.78
03.09.19;11910.86
04.09.19;12025.04
05.09.19;12126.78
06.09.19;12191.73
09.09.19;12226.1
10.09.19;12268.71
11.09.19;12359.07
12.09.19;12410.25
13.09.19;12468.53
16.09.19;12380.31
17.09.19;12372.61
18.09.19;12389.62
19.09.19;12457.7
20.09.19;12468.01
23.09.19;12342.33
24.09.19;12307.15
25.09.19;12234.18
26.09.19;12288.54
27.09.19;12380.94
30.09.19;12428.08
01.10.19;12263.83
02.10.19;11925.25
04.10.19;12012.81
07.10.19;12097.43
08.10.19;11970.2
09.10.19;12094.26
10.10.19;12164.2
11.10.19;12511.65
14.10.19;12486.56
15.10.19;12629.79
16.10.19;12670.11
17.10.19;12654.95
18.10.19;12633.6
21.10.19;12747.96
22.10.19;12754.69
23.10.19;12798.19
24.10.19;12872.1
25.10.19;12894.51
28.10.19;12941.71
29.10.19;12939.62
30.10.19;12910.23
31.10.19;12866.79
01.11.19;12961.05
04.11.19;13136.28
05.11.19;13148.5
06.11.19;13179.89
07.11.19;13289.46
08.11.19;13228.56
11.11.19;13198.37
12.11.19;13283.51
13.11.19;13230.07
14.11.19;13180.23
15.11.19;13241.75
18.11.19;13207.01
19.11.19;13221.12
20.11.19;13158.14
21.11.19;13137.7
22.11.19;13163.88
25.11.19;13246.45
26.11.19;13236.42
27.11.19;13287.07
28.11.19;13245.58
29.11.19;13236.38
02.12.19;12964.68
03.12.19;12989.29
04.12.19;13140.57
05.12.19;13054.8
06.12.19;13166.58
09.12.19;13105.61
10.12.19;13070.72
11.12.19;13146.74
12.12.19;13221.64
13.12.19;13282.72
16.12.19;13407.66
17.12.19;13287.83
18.12.19;13222.16
19.12.19;13211.96
20.12.19;13318.9
23.12.19;13300.98
27.12.19;13337.11
30.12.19;13249.01
02.01.20;13385.93
03.01.20;13219.14
06.01.20;13126.99
07.01.20;13226.83
08.01.20;13320.18
09.01.20;13495.06
10.01.20;13483.31
13.01.20;13451.52
14.01.20;13456.49
15.01.20;13432.3
16.01.20;13429.43
17.01.20;13526.13
20.01.20;13548.94
21.01.20;13555.87
22.01.20;13515.75
23.01.20;13388.42
24.01.20;13576.68
27.01.20;13204.77
28.01.20;13323.69
29.01.20;13345
30.01.20;13157.12
31.01.20;12981.97
03.02.20;13045.19
04.02.20;13281.74
05.02.20;13478.33
06.02.20;13574.82
07.02.20;13513.81
10.02.20;13494.03
11.02.20;13627.84
12.02.20;13749.78
13.02.20;13745.43
14.02.20;13744.21
17.02.20;13783.89
18.02.20;13681.19
19.02.20;13789
20.02.20;13664
21.02.20;13579.33
24.02.20;13035.24
25.02.20;12790.49
26.02.20;12774.88
27.02.20;12367.46
28.02.20;11890.35
02.03.20;11857.87
03.03.20;11985.39
04.03.20;12127.69
05.03.20;11944.72
06.03.20;11541.87
09.03.20;10625.02
10.03.20;10475.49
11.03.20;10438.68
12.03.20;9161.13
13.03.20;9232.08
16.03.20;8742.25
17.03.20;8939.1
18.03.20;8441.71
19.03.20;8610.43
20.03.20;8928.95
23.03.20;8741.15
24.03.20;9700.57
25.03.20;9874.26
26.03.20;10000.96
27.03.20;9632.52
30.03.20;9815.97
31.03.20;9935.84
01.04.20;9544.75
02.04.20;9570.82
03.04.20;9525.77
06.04.20;10075.17
07.04.20;10356.7
08.04.20;10332.89
09.04.20;10564.74
14.04.20;10696.56
15.04.20;10279.76
16.04.20;10301.54
17.04.20;10625.78
20.04.20;10675.9
21.04.20;10249.85
22.04.20;10415.03
23.04.20;10513.79
24.04.20;10336.09
27.04.20;10659.99
28.04.20;10795.63
29.04.20;11107.74
30.04.20;10861.64
04.05.20;10466.8
05.05.20;10729.46
06.05.20;10606.2
07.05.20;10759.27
08.05.20;10904.48
11.05.20;10824.99
12.05.20;10819.5
13.05.20;10542.66
14.05.20;10337.02
15.05.20;10465.17
18.05.20;11058.87
19.05.20;11075.29
20.05.20;11223.71
21.05.20;11065.93
22.05.20;11073.87
25.05.20;11391.28
26.05.20;11504.65
27.05.20;11657.69
28.05.20;11781.13
29.05.20;11586.85
02.06.20;12021.28
03.06.20;12487.36
04.06.20;12430.56
05.06.20;12847.68
08.06.20;12819.59
09.06.20;12617.99
10.06.20;12530.16
11.06.20;11970.29
12.06.20;11949.28
15.06.20;11911.35
16.06.20;12315.66
17.06.20;12382.14
18.06.20;12281.53
19.06.20;12330.76
22.06.20;12262.97
23.06.20;12523.76
24.06.20;12093.94
25.06.20;12177.87
26.06.20;12089.39
29.06.20;12232.12
30.06.20;12310.93
01.07.20;12260.57
02.07.20;12608.46
03.07.20;12528.18
06.07.20;12733.45
07.07.20;12616.8
08.07.20;12494.81
09.07.20;12489.46
10.07.20;12633.71
13.07.20;12799.97
14.07.20;12697.36
15.07.20;12930.98
16.07.20;12874.97
17.07.20;12919.61
20.07.20;13046.92
21.07.20;13171.83
22.07.20;13104.25
23.07.20;13103.39
24.07.20;12838.06
27.07.20;12838.66
28.07.20;12835.28
29.07.20;12822.26
30.07.20;12379.65
31.07.20;12313.36
03.08.20;12646.98
04.08.20;12600.87
05.08.20;12660.25
06.08.20;12591.68
07.08.20;12674.88
10.08.20;12687.53
11.08.20;12946.89
12.08.20;13058.63
13.08.20;12993.71
14.08.20;12901.34
17.08.20;12920.66
18.08.20;12881.76
19.08.20;12977.33
20.08.20;12830
21.08.20;12764.8
24.08.20;13066.54
25.08.20;13061.62
26.08.20;13190.15
27.08.20;13096.36
28.08.20;13033.2
31.08.20;12945.38
01.09.20;12974.25
02.09.20;13243.43
03.09.20;13057.77
04.09.20;12842.66
07.09.20;13100.28
08.09.20;12968.33
09.09.20;13237.21
10.09.20;13208.89
11.09.20;13202.84
14.09.20;13193.66
15.09.20;13217.67
16.09.20;13255.37
17.09.20;13208.12
18.09.20;13116.25
21.09.20;12542.44
22.09.20;12594.39
23.09.20;12642.97
24.09.20;12606.57
25.09.20;12469.2
28.09.20;12870.87
29.09.20;12825.82
30.09.20;12760.73
01.10.20;12730.77
02.10.20;12689.04
05.10.20;12828.31
06.10.20;12906.02
07.10.20;12928.57
08.10.20;13042.21
09.10.20;13051.23
12.10.20;13138.41
13.10.20;13018.99
14.10.20;13028.06
15.10.20;12703.75
16.10.20;12908.99
19.10.20;12854.66
20.10.20;12736.95
21.10.20;12557.64
22.10.20;12543.06
23.10.20;12645.75
26.10.20;12177.18
27.10.20;12063.57
28.10.20;11560.51
29.10.20;11598.07
30.10.20;11556.48
02.11.20;11788.28
03.11.20;12088.98
04.11.20;12324.22
05.11.20;12568.09
06.11.20;12480.02
09.11.20;13095.97
10.11.20;13163.11
11.11.20;13216.18
12.11.20;13052.95
13.11.20;13076.72
16.11.20;13138.61
17.11.20;13133.47
18.11.20;13201.89
19.11.20;13086.16
20.11.20;13137.25
23.11.20;13126.97
24.11.20;13292.44
25.11.20;13289.8
26.11.20;13286.57
27.11.20;13335.68
30.11.20;13291.16
01.12.20;13382.3
02.12.20;13313.24
03.12.20;13252.86
04.12.20;13298.96
07.12.20;13271
08.12.20;13278.49
09.12.20;13340.26
10.12.20;13295.73
11.12.20;13114.3
14.12.20;13223.16
15.12.20;13362.87
16.12.20;13565.98
17.12.20;13667.25
18.12.20;13630.51
21.12.20;13246.3
22.12.20;13418.11
23.12.20;13587.23
28.12.20;13790.29
29.12.20;13761.38
30.12.20;13718.78
04.01.21;13726.74
05.01.21;13651.22
06.01.21;13891.97
07.01.21;13968.24
08.01.21;14049.53
11.01.21;13936.66
12.01.21;13925.06
13.01.21;13939.71
14.01.21;13988.7
15.01.21;13787.73
18.01.21;13848.35
19.01.21;13815.06
20.01.21;13921.37
21.01.21;13906.67
22.01.21;13873.97
25.01.21;13643.95
26.01.21;13870.99
27.01.21;13620.46
28.01.21;13665.93
29.01.21;13432.87
01.02.21;13622.02
02.02.21;13835.16
03.02.21;13933.63
04.02.21;14060.29
05.02.21;14056.72
08.02.21;14059.91
09.02.21;14011.8
10.02.21;13932.97
11.02.21;14040.91
12.02.21;14049.89
15.02.21;14109.48
16.02.21;14064.6
17.02.21;13909.27
18.02.21;13886.93
19.02.21;13993.23
22.02.21;13950.04
23.02.21;13864.81
24.02.21;13976
25.02.21;13879.33
26.02.21;13786.29
01.03.21;14012.82
02.03.21;14039.8
03.03.21;14080.03
04.03.21;14056.34
05.03.21;13920.69
08.03.21;14380.91
09.03.21;14437.94
10.03.21;14540.25
11.03.21;14569.39
12.03.21;14502.39
15.03.21;14461.42
16.03.21;14557.58
17.03.21;14596.61
18.03.21;14775.52
19.03.21;14621
22.03.21;14657.21
23.03.21;14662.02
24.03.21;14610.39
25.03.21;14621.36
26.03.21;14748.94
29.03.21;14817.72
30.03.21;15008.61
31.03.21;15008.34
01.04.21;15107.17
06.04.21;15212.68
07.04.21;15176.36
08.04.21;15202.68
09.04.21;15234.16
12.04.21;15215
13.04.21;15234.36
14.04.21;15209.15
15.04.21;15255.33
16.04.21;15459.75
19.04.21;15368.39
20.04.21;15129.51
21.04.21;15195.97
22.04.21;15320.52
23.04.21;15279.62
26.04.21;15296.34
27.04.21;15249.27
28.04.21;15292.18
29.04.21;15154.2
30.04.21;15135.91
03.05.21;15236.47
04.05.21;14856.48
05.05.21;15170.78
06.05.21;15196.74
07.05.21;15399.65
10.05.21;15400.41
11.05.21;15119.75
12.05.21;15150.22
13.05.21;15199.68
14.05.21;15416.64
17.05.21;15396.62
18.05.21;15386.58
19.05.21;15113.56
20.05.21;15370.26
21.05.21;15437.51
25.05.21;15465.09
26.05.21;15450.72
27.05.21;15406.73
28.05.21;15519.98
31.05.21;15421.13
01.06.21;15567.36
02.06.21;15602.71
03.06.21;15632.67
04.06.21;15692.9
07.06.21;15677.15
08.06.21;15640.6
09.06.21;15581.14
10.06.21;15571.22
11.06.21;15693.27
14.06.21;15673.64
15.06.21;15729.52
16.06.21;15710.57
17.06.21;15727.67
18.06.21;15448.04
21.06.21;15603.24
22.06.21;15636.33
23.06.21;15456.39
24.06.21;15589.23
25.06.21;15607.97
28.06.21;15554.18
29.06.21;15690.59
30.06.21;15531.04
01.07.21;15603.81
02.07.21;15650.09
05.07.21;15661.97
06.07.21;15511.38
07.07.21;15692.71
08.07.21;15420.64
09.07.21;15687.93
12.07.21;15790.51
13.07.21;15789.64
14.07.21;15788.98
15.07.21;15629.66
16.07.21;15540.31
19.07.21;15133.2
20.07.21;15216.27
21.07.21;15422.5
22.07.21;15514.54
23.07.21;15669.29
26.07.21;15618.98
27.07.21;15519.13
28.07.21;15570.36
29.07.21;15640.47
30.07.21;15544.39
02.08.21;15568.73
03.08.21;15555.08
04.08.21;15692.13
05.08.21;15744.67
06.08.21;15761.45
09.08.21;15745.41
10.08.21;15770.71
11.08.21;15826.09
12.08.21;15937.51
13.08.21;15977.44
16.08.21;15925.73
17.08.21;15921.95
18.08.21;15965.97
19.08.21;15765.81
20.08.21;15808.04
23.08.21;15852.79
24.08.21;15905.85
25.08.21;15860.66
26.08.21;15793.62
27.08.21;15851.75
30.08.21;15887.31
31.08.21;15835.09
01.09.21;15824.29
02.09.21;15840.59
03.09.21;15781.2
06.09.21;15932.12
07.09.21;15843.09
08.09.21;15610.28
09.09.21;15623.15
10.09.21;15609.81
13.09.21;15701.42
14.09.21;15722.99
15.09.21;15616
16.09.21;15651.75
17.09.21;15490.17
20.09.21;15132.06
21.09.21;15348.53
22.09.21;15506.74
23.09.21;15643.97
24.09.21;15531.75
27.09.21;15573.88
28.09.21;15248.56
29.09.21;15365.27
30.09.21;15260.69
01.10.21;15156.44
04.10.21;15036.55
05.10.21;15194.49
06.10.21;14973.33
07.10.21;15250.86
08.10.21;15206.13
11.10.21;15199.14
12.10.21;15146.87
13.10.21;15249.38
14.10.21;15462.72
15.10.21;15587.36
18.10.21;15474.47
19.10.21;15515.83
20.10.21;15522.92
21.10.21;15472.56
22.10.21;15542.98
25.10.21;15599.23
26.10.21;15757.06
27.10.21;15705.81
28.10.21;15696.33
29.10.21;15688.77
01.11.21;15806.29
02.11.21;15954.45
03.11.21;15959.98
04.11.21;16029.65
05.11.21;16054.36
08.11.21;16046.52
09.11.21;16040.47
10.11.21;16067.83
11.11.21;16083.11
12.11.21;16094.07
15.11.21;16148.64
16.11.21;16247.86
17.11.21;16251.13
18.11.21;16221.73
19.11.21;16159.97
22.11.21;16115.69
23.11.21;15937
24.11.21;15878.39
25.11.21;15917.98
26.11.21;15257.04
29.11.21;15280.86
30.11.21;15100.13
01.12.21;15472.67
02.12.21;15263.11
03.12.21;15169.98
06.12.21;15380.79
07.12.21;15813.94
08.12.21;15687.09
09.12.21;15639.26
10.12.21;15623.31
13.12.21;15621.72
14.12.21;15453.56
15.12.21;15476.35
16.12.21;15636.4
17.12.21;15531.69
20.12.21;15239.67
21.12.21;15447.44
22.12.21;15593.47
23.12.21;15756.31
27.12.21;15835.25
28.12.21;15963.7
29.12.21;15852.25
30.12.21;15884.86
03.01.22;16020.73
04.01.22;16152.61
05.01.22;16271.75
06.01.22;16052.03
07.01.22;15947.74
10.01.22;15768.27
11.01.22;15941.81
12.01.22;16010.32
13.01.22;16031.59
14.01.22;15883.24
17.01.22;15933.72
18.01.22;15772.56
19.01.22;15809.72
20.01.22;15912.33
21.01.22;15603.88
24.01.22;15011.13
25.01.22;15123.87
26.01.22;15459.39
27.01.22;15524.27
28.01.22;15318.95
31.01.22;15471.2
01.02.22;15619.39
02.02.22;15613.77
03.02.22;15368.47
04.02.22;15099.56
07.02.22;15206.64
08.02.22;15242.38
09.02.22;15482.01
10.02.22;15490.44
11.02.22;15425.12
14.02.22;15113.97
15.02.22;15412.71
16.02.22;15370.3
17.02.22;15267.63
18.02.22;15042.51
21.02.22;14731.12
22.02.22;14693
23.02.22;14631.36
24.02.22;14052.1
25.02.22;14567.23
28.02.22;14461.02
01.03.22;13904.85